{
  "version": 1,
  "author": "estiven vargas",
  "editor": "wokwi",
  "parts": [
    {
      "type": "board-esp32-devkit-c-v4",
      "id": "esp",
      "top": 0,
      "left": 0,
      "attrs": { "env": "micropython-20231227-v1.22.0" }
    },
    {
      "type": "wokwi-pushbutton-6mm",
      "id": "btn1",
      "top": 113,
      "left": -105.6,
      "attrs": { "color": "green" }
    },
    {
      "type": "wokwi-pushbutton-6mm",
      "id": "btn2",
      "top": 55.4,
      "left": -105.6,
      "attrs": { "color": "blue" }
    },
    {
      "type": "wokwi-pushbutton-6mm",
      "id": "btn3",
      "top": 151.4,
      "left": -105.6,
      "attrs": { "color": "yellow" }
    },
    {
      "type": "wokwi-led",
      "id": "led2",
      "top": -13.2,
      "left": 234.2,
      "attrs": { "color": "red" }
    },
    { "type": "wokwi-led", "id": "led3", "top": 54, "left": 234.2, "attrs": { "color": "red" } },
    {
      "type": "wokwi-led",
      "id": "led4",
      "top": 111.6,
      "left": 234.2,
      "attrs": { "color": "red" }
    },
    {
      "type": "board-ssd1306",
      "id": "oled1",
      "top": -102.46,
      "left": 125.03,
      "attrs": { "i2cAddress": "0x3c" }
    }
  ],
  "connections": [
    [ "esp:TX", "$serialMonitor:RX", "", [] ],
    [ "esp:RX", "$serialMonitor:TX", "", [] ],
    [ "btn2:2.r", "btn1:2.r", "black", [ "h20", "v48.4" ] ],
    [ "btn3:2.r", "btn1:2.r", "black", [ "h20", "v-47.6" ] ],
    [ "btn1:2.r", "esp:GND.1", "black", [ "h58.4", "v29.2" ] ],
    [ "btn2:1.r", "esp:14", "blue", [ "v0", "h68", "v76.8" ] ],
    [ "btn1:1.r", "esp:26", "green", [ "v0" ] ],
    [ "btn3:1.r", "esp:27", "gold", [ "h10.4", "v-28.8" ] ],
    [ "led2:A", "esp:19", "orange", [ "v19.2", "h-57.6", "v48" ] ],
    [ "esp:18", "led3:A", "orange", [ "h100.84", "v0", "h57.6" ] ],
    [ "led4:A", "esp:5", "orange", [ "v28.8", "h-57.6", "v-67.2" ] ],
    [ "led3:C", "led4:C", "black", [ "v0", "h-28.4", "v67.2" ] ],
    [ "led3:C", "led2:C", "black", [ "v0", "h-28.4", "v-67.2" ] ],
    [ "led2:C", "esp:GND.2", "black", [ "v0" ] ],
    [ "oled1:GND", "esp:GND.2", "black", [ "v-19.2", "h-48", "v124.8" ] ],
    [ "oled1:VCC", "esp:3V3", "red", [ "v-28.8", "h-168.04" ] ],
    [ "esp:22", "oled1:SCL", "violet", [ "h62.44", "v-48", "h76.8", "v-124.8", "h-57.6" ] ],
    [ "oled1:SDA", "esp:21", "gray", [ "v-19.2", "h57.67", "v105.6", "h-124.8", "v86.4" ] ]
  ],
  "dependencies": {}
}